scale,metric,db_a,db_b,mean_delta,ci_low,ci_high,ci_contains_zero,distinguishable_at_95pct
S1,recall@10,qdrant,milvus,0.0,0.0,0.0,True,False
S1,mrr@10,qdrant,milvus,0.0,0.0,0.0,True,False
S1,ndcg@10,qdrant,milvus,0.0,0.0,0.0,True,False
S1,recall@10,qdrant,elasticsearch,0.0,0.0,0.0,True,False
S1,mrr@10,qdrant,elasticsearch,0.0,0.0,0.0,True,False
S1,ndcg@10,qdrant,elasticsearch,0.0,0.0,0.0,True,False
S1,recall@10,qdrant,weaviate,0.0,0.0,0.0,True,False
S1,mrr@10,qdrant,weaviate,0.0,0.0,0.0,True,False
S1,ndcg@10,qdrant,weaviate,0.0,0.0,0.0,True,False
S1,recall@10,milvus,elasticsearch,0.0,0.0,0.0,True,False
S1,mrr@10,milvus,elasticsearch,0.0,0.0,0.0,True,False
S1,ndcg@10,milvus,elasticsearch,0.0,0.0,0.0,True,False
S1,recall@10,milvus,weaviate,0.0,0.0,0.0,True,False
S1,mrr@10,milvus,weaviate,0.0,0.0,0.0,True,False
S1,ndcg@10,milvus,weaviate,0.0,0.0,0.0,True,False
S1,recall@10,elasticsearch,weaviate,0.0,0.0,0.0,True,False
S1,mrr@10,elasticsearch,weaviate,0.0,0.0,0.0,True,False
S1,ndcg@10,elasticsearch,weaviate,0.0,0.0,0.0,True,False
S2,recall@10,qdrant,milvus,0.03,0.016,0.046,False,True
S2,mrr@10,qdrant,milvus,0.028261904761904762,0.01442857142857143,0.04392857142857143,False,True
S2,ndcg@10,qdrant,milvus,0.02849067398439953,0.014686969319198363,0.04412068612141451,False,True
S2,recall@10,qdrant,elasticsearch,0.0,0.0,0.0,True,False
S2,mrr@10,qdrant,elasticsearch,0.0,0.0,0.0,True,False
S2,ndcg@10,qdrant,elasticsearch,0.0,0.0,0.0,True,False
S2,recall@10,qdrant,weaviate,0.004,0.0,0.01,True,False
S2,mrr@10,qdrant,weaviate,0.003,0.0,0.008,True,False
S2,ndcg@10,qdrant,weaviate,0.003261859507142915,0.0,0.00852371901428583,True,False
S2,recall@10,milvus,elasticsearch,-0.03,-0.046,-0.016,False,True
S2,mrr@10,milvus,elasticsearch,-0.028261904761904762,-0.04392857142857143,-0.01442857142857143,False,True
S2,ndcg@10,milvus,elasticsearch,-0.02849067398439953,-0.04412068612141452,-0.014686969319198363,False,True
S2,recall@10,milvus,weaviate,-0.026,-0.042,-0.01,False,True
S2,mrr@10,milvus,weaviate,-0.025261904761904763,-0.04119047619047619,-0.010797619047619047,False,True
S2,ndcg@10,milvus,weaviate,-0.025228814477256615,-0.04121501617695907,-0.010650684617656902,False,True
S2,recall@10,elasticsearch,weaviate,0.004,0.0,0.01,True,False
S2,mrr@10,elasticsearch,weaviate,0.003,0.0,0.008,True,False
S2,ndcg@10,elasticsearch,weaviate,0.003261859507142915,0.0,0.00852371901428583,True,False
S3,recall@10,qdrant,milvus,0.029,0.015,0.044,False,True
S3,mrr@10,qdrant,milvus,0.027764285714285714,0.013861130952380953,0.04369761904761905,False,True
S3,ndcg@10,qdrant,milvus,0.028184033572790576,0.014705645806357923,0.043486138623629114,False,True
S3,recall@10,qdrant,elasticsearch,0.0,0.0,0.0,True,False
S3,mrr@10,qdrant,elasticsearch,0.0,0.0,0.0,True,False
S3,ndcg@10,qdrant,elasticsearch,0.0,0.0,0.0,True,False
S3,recall@10,qdrant,weaviate,0.004,0.0,0.01,True,False
S3,mrr@10,qdrant,weaviate,0.002364285714285714,-7.14285714285714e-05,0.0068000000000000005,True,False
S3,ndcg@10,qdrant,weaviate,0.0027379687013738743,-7.14738261904182e-05,0.007868528072345416,True,False
S3,recall@10,milvus,elasticsearch,-0.029,-0.044,-0.015,False,True
S3,mrr@10,milvus,elasticsearch,-0.027764285714285714,-0.04369761904761905,-0.013861130952380963,False,True
S3,ndcg@10,milvus,elasticsearch,-0.028184033572790576,-0.043486138623629114,-0.014705645806357944,False,True
S3,recall@10,milvus,weaviate,-0.025,-0.04,-0.011,False,True
S3,mrr@10,milvus,weaviate,-0.0254,-0.04,-0.012,False,True
S3,ndcg@10,milvus,weaviate,-0.025446064871416704,-0.04021786399177281,-0.012238124317949519,False,True
S3,recall@10,elasticsearch,weaviate,0.004,0.0,0.01,True,False
S3,mrr@10,elasticsearch,weaviate,0.002364285714285714,-7.14285714285714e-05,0.0068000000000000005,True,False
S3,ndcg@10,elasticsearch,weaviate,0.0027379687013738743,-7.14738261904182e-05,0.007868528072345416,True,False
S4,recall@10,qdrant,milvus,0.027,0.012,0.043,False,True
S4,mrr@10,qdrant,milvus,0.02456349206349206,0.010952380952380953,0.039730158730158734,False,True
S4,ndcg@10,qdrant,milvus,0.02535472736701112,0.011902828494762705,0.040610868365855986,False,True
S4,recall@10,qdrant,elasticsearch,0.004,0.0,0.01,True,False
S4,mrr@10,qdrant,elasticsearch,0.004,0.0,0.01,True,False
S4,ndcg@10,qdrant,elasticsearch,0.004,0.0,0.01,True,False
S4,recall@10,qdrant,weaviate,0.006,0.0,0.014,True,False
S4,mrr@10,qdrant,weaviate,0.005,0.0,0.012,True,False
S4,ndcg@10,qdrant,weaviate,0.005261859507142915,0.0,0.012,True,False
S4,recall@10,milvus,elasticsearch,-0.023,-0.039,-0.008,False,True
S4,mrr@10,milvus,elasticsearch,-0.020563492063492065,-0.03563571428571428,-0.00673015873015873,False,True
S4,ndcg@10,milvus,elasticsearch,-0.02135472736701112,-0.03633053836362243,-0.007660983893136033,False,True
S4,recall@10,milvus,weaviate,-0.021,-0.037,-0.006,False,True
S4,mrr@10,milvus,weaviate,-0.019563492063492064,-0.035277976190476186,-0.00534900793650794,False,True
S4,ndcg@10,milvus,weaviate,-0.020092867859868208,-0.03550122564071481,-0.006068555564861756,False,True
S4,recall@10,elasticsearch,weaviate,0.002,-0.006,0.012,True,False
S4,mrr@10,elasticsearch,weaviate,0.001,-0.007,0.009,True,False
S4,ndcg@10,elasticsearch,weaviate,0.001261859507142915,-0.006738140492857084,0.009785578521428745,True,False
S5,recall@10,qdrant,milvus,0.002,-0.006,0.012,True,False
S5,mrr@10,qdrant,milvus,0.0013523809523809523,-0.004828571428571429,0.0077523809523809524,True,False
S5,ndcg@10,qdrant,milvus,0.0015355597987783327,-0.005038588712311026,0.00842191260538978,True,False
S5,recall@10,qdrant,elasticsearch,-0.002,-0.006,0.0,True,False
S5,mrr@10,qdrant,elasticsearch,-0.002,-0.006,0.0,True,False
S5,ndcg@10,qdrant,elasticsearch,-0.002,-0.006,0.0,True,False
S5,recall@10,qdrant,weaviate,0.008,0.002,0.016,False,True
S5,mrr@10,qdrant,weaviate,0.006,0.001,0.013,False,True
S5,ndcg@10,qdrant,weaviate,0.006523719014285831,0.001261859507142915,0.013785578521428747,False,True
S5,recall@10,milvus,elasticsearch,-0.004,-0.012,0.004,True,False
S5,mrr@10,milvus,elasticsearch,-0.0033523809523809526,-0.00879047619047619,0.0006666666666666668,True,False
S5,ndcg@10,milvus,elasticsearch,-0.0035355597987783323,-0.0094695249492059,0.0010474883392513814,True,False
S5,recall@10,milvus,weaviate,0.006,-0.002,0.016,True,False
S5,mrr@10,milvus,weaviate,0.004647619047619047,-0.003152380952380952,0.0128,True,False
S5,ndcg@10,milvus,weaviate,0.004988159215507498,-0.0027523606946202677,0.013250018722650412,True,False
S5,recall@10,elasticsearch,weaviate,0.01,0.002,0.02,False,True
S5,mrr@10,elasticsearch,weaviate,0.008,0.002,0.016,False,True
S5,ndcg@10,elasticsearch,weaviate,0.00852371901428583,0.002,0.01704743802857166,False,True
S6,recall@10,qdrant,milvus,-0.002,-0.012,0.006,True,False
S6,mrr@10,qdrant,milvus,-0.006388888888888889,-0.01388888888888889,-0.00016666666666666674,False,True
S6,ndcg@10,qdrant,milvus,-0.005216987860895346,-0.012602059991327963,0.0011077783627261883,True,False
S6,recall@10,qdrant,elasticsearch,-0.004,-0.01,0.0,True,False
S6,mrr@10,qdrant,elasticsearch,-0.004,-0.01,0.0,True,False
S6,ndcg@10,qdrant,elasticsearch,-0.004,-0.01,0.0,True,False
S6,recall@10,qdrant,weaviate,0.007,0.001,0.015,False,True
S6,mrr@10,qdrant,weaviate,0.005,0.00016666666666666674,0.011666666666666667,False,True
S6,ndcg@10,qdrant,weaviate,0.004949000617824488,0.0005840593484403583,0.011080651919384036,False,True
S6,recall@10,milvus,elasticsearch,-0.002,-0.008,0.004,True,False
S6,mrr@10,milvus,elasticsearch,0.002388888888888889,-0.0012777777777777776,0.00688888888888889,True,False
S6,ndcg@10,milvus,elasticsearch,0.0012169878608953462,-0.0027227062322935725,0.005282460959698057,True,False
S6,recall@10,milvus,weaviate,0.009,-0.002,0.021,True,False
S6,mrr@10,milvus,weaviate,0.01138888888888889,0.002666666666666667,0.0215,False,True
S6,ndcg@10,milvus,weaviate,0.010165988478719835,0.0015391877021927898,0.01978135546025532,False,True
S6,recall@10,elasticsearch,weaviate,0.011,0.003,0.021,False,True
S6,mrr@10,elasticsearch,weaviate,0.009,0.0019958333333333373,0.017833333333333336,False,True
S6,ndcg@10,elasticsearch,weaviate,0.008949000617824488,0.002,0.01740158938888632,False,True
